name,title,company,industry,contact_number,date,email
Sarah Chen,Chief Information Security Officer,Pinnacle Financial Partners,Financial Services / Regional Banking,1,2026-04-06,"Subject: GRC at $119B — before the next exam cycle

Sarah,

Closing a merger the size of Pinnacle + Synovus on January 2nd is no small feat — but I'd imagine the GRC aftermath is still very much in motion: two control libraries, two audit programs, two vendor risk inventories, and examiners who won't wait for the dust to settle.

That's exactly where Risk Cloud tends to show up for regional banks at inflection points like this. We replace the patchwork of spreadsheets and point tools with a single connected platform — pre-mapped to FFIEC, NIST CSF, and PCI-DSS — so your team gets unified risk visibility across the combined entity without a lengthy implementation or custom code.

I'd welcome a 20-minute conversation to share how a few other post-merger regional banks have used Risk Cloud to consolidate fast. Worth a slot this month?

Best,
[Your Name]
LogicGate | Risk Cloud"
Sarah Chen,Chief Information Security Officer,Pinnacle Financial Partners,Financial Services / Regional Banking,2,2026-04-06,"Subject: Running two tech stacks through Q2 2027 — the compliance math

Sarah,

Saw that Pinnacle's full system and brand conversion is expected around early Q2 2027 — meaning your team is managing compliance across two parallel technology environments for the better part of a year. Two control sets, two evidence trails, two audit scopes, one board report due quarterly to the Risk Committee.

That's a scenario Risk Cloud handles well. Regional banks in mid-integration use it to hold a single pane of glass across disparate environments — automated evidence collection, unified control mapping, and workflow-driven assessments — so you're not manually stitching together a risk posture while the core conversion is still months out.

I can share a quick case study from a bank that used Risk Cloud to stay examiner-ready through a multi-year core migration. Worth 20 minutes before the Q2 sprint kicks in?

[Your Name]
LogicGate | Risk Cloud"
