name,company,url,email
Jane Smith,Nike,https://nike.com,"Subject: Exploring Partnership Opportunities with Nike

Dear Jane Smith,

I've been impressed by Nike's recent remastered golf collection, particularly the Rory McIlroy TEE IT HIGH. LET IT FLY. campaign, which showcases a perfect blend of classic style and innovation. As a sports enthusiast with a passion for the golf industry, I believe that a partnership between Nike and our organization would be a great fit, allowing us to bring high-quality products and experiences to our audience while amplifying Nike's brand presence.

We're reaching out to explore potential sponsorship opportunities that could leverage our shared values and interests. I'd love to discuss this further with you, either over a quick call or via email, to see if there's mutual interest in exploring a collaboration.

Please let me know if you're available for a brief conversation at your convenience. I look forward to hearing from you.

Best regards,
[Your Name]."
Bob Lee,Stripe,https://stripe.com,"Subject: Collaboration Opportunity for Stripe and Our Community

Dear Bob,

I was impressed to see that 50% of Fortune 100 companies have used Stripe to grow their businesses, and I believe our community's mission aligns closely with that of your organization. We're reaching out to explore the possibility of sponsorship to support our initiatives, as our focus on empowering businesses through financial infrastructure could greatly benefit from your expertise and resources. Would you be open to discussing this opportunity further over a quick call or via email reply?

Best regards,
Stripe Community Outreach"
